track,threads,queue_depth,oversubscription,measured_completion_rate_mean,measured_completion_rate_std,measured_completion_rate_count,delay_p99_ms_mean,delay_p99_ms_std,delay_p99_ms_count,acceptance_rate_pct_mean,acceptance_rate_pct_std,acceptance_rate_pct_count,admission_rejections_per_completion_mean,admission_rejections_per_completion_std,admission_rejections_per_completion_count,avg_cwnd_mean,avg_cwnd_std,avg_cwnd_count,avg_inflight_mean,avg_inflight_std,avg_inflight_count
aimd,1,4,0.25,1273.3263265013084,283.42782138077246,5,4.9240486,0.7735839677470703,5,90.00166389236517,0.009499830529659109,5,0.11109057951381303,0.00011728833386384723,5,3.5799999999999996,0.0,5,3.1,0.0,5
aimd,2,4,0.5,1205.9391145468533,157.16980659249373,5,5.5077332,0.6005618496663772,5,74.99887727155308,0.012688897199401894,5,0.3333533237879006,0.00022562896212634427,5,2.1420000000000003,0.0044721359549995034,5,1.57,0.0,5
aimd,4,4,1.0,781.4111250380363,67.47782702425411,5,7.8068062,1.6436666730571319,5,49.83036354172937,0.07345473232676845,5,1.0068120515304453,0.0029625011700699635,5,1.6599999999999997,0.0,5,0.662,0.004472135954999583,5
aimd,8,4,2.0,755.1665646333748,81.16778015539018,5,10.3906774,1.394736219806204,5,14.070270911330544,0.9110546435262168,5,6.129883093266811,0.43879289243001607,5,1.12,0.0070710678118653635,5,0.12,0.007071067811865479,5
aimd,16,4,4.0,345.3936935485057,41.38603111931613,5,31.6511414,4.233552673886414,5,3.5471600112578905,0.3767854310134931,5,27.43988606631159,2.9303500069501447,5,1.024,0.005477225575051614,5,0.024,0.005477225575051659,5
aimd,32,4,8.0,50.962828546629865,13.492036527021963,5,191.1214586,20.13843631759609,5,0.3301881607953369,0.0763060433321516,5,314.55173803439556,69.64705525163555,5,1.0,0.0,5,0.0,0.0,5
