track,threads,queue_depth,oversubscription,measured_completion_rate_mean,measured_completion_rate_std,measured_completion_rate_count,delay_p99_ms_mean,delay_p99_ms_std,delay_p99_ms_count,acceptance_rate_pct_mean,acceptance_rate_pct_std,acceptance_rate_pct_count,admission_rejections_per_completion_mean,admission_rejections_per_completion_std,admission_rejections_per_completion_count,avg_cwnd_mean,avg_cwnd_std,avg_cwnd_count,avg_inflight_mean,avg_inflight_std,avg_inflight_count
csma,1,4,0.25,690.0773068664593,44.93503481185837,5,1.9045733999999999,0.24355949548272593,5,100.0,0.0,5,0.0,0.0,5,1.0,0.0,5,1.0,0.0,5
csma,2,4,0.5,983.5465717588615,22.749633371948434,5,2.6254511999999997,0.05742704726607488,5,100.0,0.0,5,0.0,0.0,5,1.0,0.0,5,1.0,0.0,5
csma,4,4,1.0,795.09653579683,38.76406479259976,5,6.6812097999999995,0.35711435624978743,5,99.98655853954786,0.01907477550679288,5,0.00013446179678000585,0.00019081895197479846,5,1.0,0.0,5,1.0,0.0,5
csma,8,4,2.0,794.8860298422484,94.50334793459643,5,10.1504062,1.0156695518746233,5,15.94572115372613,1.12297118050895,5,5.296031668913983,0.4397687210620958,5,1.0,0.0,5,0.16,0.010000000000000007,5
csma,16,4,4.0,374.45291420446955,31.41194525244626,5,28.567757399999998,2.579588473445001,5,3.8887179194570285,0.29942880576324965,5,24.833209382315204,1.9143790223047343,5,1.0,0.0,5,0.04,0.0,5
csma,32,4,8.0,58.182471172279534,8.501310325013737,5,187.186397,6.134277665975322,5,0.3743775306718037,0.04735756842439229,5,269.9567963782739,38.15440477283781,5,1.0,0.0,5,0.0,0.0,5
